<?xml version="1.0" encoding="utf-8"?>
<medicalInformations>
  <medicalInformation type="fi" version="1" lang="de">
    <title>3TC®</title>
    <authHolder>ViiV Healthcare GmbH</authHolder>
    <atcCode>J05AF05</atcCode>
    <substances>Lamivudin</substances>
    <style></style>
    <content>
      <![CDATA[
      <div id="monographie">
      <div class="MonTitle">3TC®<br /></div>
      <div class="ownerCompany">
        <div style="text-align: right;">VIIV HEALTHCARE</div>
      </div>
      ]]>
    </content>
  </medicalInformation>
</medicalInformations>
